Date,Price,Volume
06/01/2019,8545.7,686750
06/02/2019,8728.6,614540
06/03/2019,8124.8,739450
06/04/2019,7685.5,966950
06/05/2019,7779.1,762940
06/06/2019,7784.9,651820
06/07/2019,7985.2,588870
06/08/2019,7901.4,485810
06/09/2019,7635,554480
06/10/2019,7987.8,641380
06/11/2019,7888,579000
06/12/2019,8133.1,607890
06/13/2019,8219,574210
06/14/2019,8656.1,643170
06/15/2019,8812.5,608690
06/16/2019,8962.5,849770
06/17/2019,9318.8,738800
06/18/2019,9080.6,723170
06/19/2019,9255.4,587570
06/20/2019,9517,693620
06/21/2019,10179.3,769120
06/22/2019,10721.7,1090000
06/23/2019,10897.1,683790
06/24/2019,11046.4,566960
06/25/2019,11809.9,781090
06/26/2019,13063.8,1480000
06/27/2019,11287.8,1590000
06/28/2019,12409.1,1090000
06/29/2019,11906.5,834620
06/30/2019,10818.6,880770
07/01/2019,10616.6,1040000
07/02/2019,10835.9,1120000
07/03/2019,11900.8,998730
07/04/2019,11163.1,840340
07/05/2019,10970.2,772670
07/06/2019,11268,688960
07/07/2019,11415.9,601930
07/08/2019,12252.6,695600
07/09/2019,12541.5,847840
07/10/2019,12110.6,1110000
07/11/2019,11342.3,943130
07/12/2019,11762.1,738170
07/13/2019,11364.9,747710
07/14/2019,10200.1,840760
07/15/2019,10845.9,956520
07/16/2019,9424.8,1050000
07/17/2019,9723.2,1030000
07/18/2019,10651.4,974490
07/19/2019,10571.5,727790
07/20/2019,10826.7,668940
07/21/2019,10714.4,562170
07/22/2019,10412.5,591270
07/23/2019,9888.7,663380
07/24/2019,9804.3,639540
07/25/2019,9945.3,545850
07/26/2019,9831,493750
07/27/2019,9492.1,661890
07/28/2019,9727.8,518590
07/29/2019,9580.9,510900
07/30/2019,9580.7,511510
07/31/2019,10082,589840
08/01/2019,10380,608370
08/02/2019,10520.1,578290
08/03/2019,10815.7,508750
08/04/2019,10934.6,585710
08/05/2019,11816.8,769630
08/06/2019,11480.9,807580
08/07/2019,12013.9,702850
08/08/2019,12191.6,592150
08/09/2019,12089.8,558720
08/10/2019,11314.5,570740
08/11/2019,11517.2,435830
08/12/2019,11394.2,391080
08/13/2019,10892.9,540780
08/14/2019,10049.4,745590
08/15/2019,10303.4,930050
08/16/2019,10335.6,798670
08/17/2019,10218.1,497770
08/18/2019,10312.7,441110
08/19/2019,10910.7,519010
08/20/2019,10752.6,515470
08/21/2019,10141.5,717650
08/22/2019,10105,520750
08/23/2019,10388.7,436260
08/24/2019,10131,463850
08/25/2019,10136.3,422530
08/26/2019,10371.8,568770
08/27/2019,10184.8,419810
08/28/2019,9729.4,580290
08/29/2019,9491,509130
08/30/2019,9585.4,413920
08/31/2019,9594.4,311490
09/01/2019,9729.3,322660
09/02/2019,10348.8,542790
09/03/2019,10612.3,578790
09/04/2019,10568.2,504450
09/05/2019,10566.9,402090
09/06/2019,10309.3,643020
09/07/2019,10461.1,393570
09/08/2019,10402.8,339730
09/09/2019,10309,473760
09/10/2019,10105.4,383220
09/11/2019,10162.5,413060
09/12/2019,10415.1,413220
09/13/2019,10342.1,365520
09/14/2019,10337.3,326440
09/15/2019,10311.5,255790
09/16/2019,10255.5,372530
09/17/2019,10195.7,321640
09/18/2019,10164.7,318820
09/19/2019,10250.5,542250
09/20/2019,10172.7,362070
09/21/2019,9993,326170
09/22/2019,10031.6,337060
09/23/2019,9702.2,431100
09/24/2019,8513.9,933160
09/25/2019,8432.4,696110
09/26/2019,8063.8,731030
09/27/2019,8184.9,561400
09/28/2019,8208.5,457790
09/29/2019,8049.1,418480
09/30/2019,8284.3,600260
10/01/2019,8302.7,533950
10/02/2019,8364.1,405860
10/03/2019,8226.9,460970
10/04/2019,8148.1,416920
10/05/2019,8127.3,360920
10/06/2019,7881.9,448800
10/07/2019,8198.6,604740
10/08/2019,8182.9,469040
10/09/2019,8566.7,636430
10/10/2019,8562.3,511460
10/11/2019,8267.8,667860
10/12/2019,8304.4,424020
10/13/2019,8281.5,419870
10/14/2019,8353.3,505020
10/15/2019,8167.2,469730
10/16/2019,8000.4,538920
10/17/2019,8073.3,444950
10/18/2019,7948.5,505790
10/19/2019,7957.3,428830
10/20/2019,8223.4,513910
10/21/2019,8208.2,489400
10/22/2019,8031.4,570390
10/23/2019,7477,892080
10/24/2019,7422.7,586490
10/25/2019,8658.3,1180000
10/26/2019,9230.6,1780000
10/27/2019,9529.6,1160000
10/28/2019,9207.2,1040000
10/29/2019,9411.3,918480
10/30/2019,9157.9,789730
10/31/2019,9152.6,798930
11/01/2019,9230.1,689650
11/02/2019,9300.6,570740
11/03/2019,9198.3,536560
11/04/2019,9396.4,681010
11/05/2019,9310.8,653420
11/06/2019,9338.9,578030
11/07/2019,9223.5,603540
11/08/2019,8778.2,791790
11/09/2019,8804.5,512020
11/10/2019,9036.8,581570
11/11/2019,8736.9,601160
11/12/2019,8812.6,575160
11/13/2019,8783.1,454330
11/14/2019,8661.2,515430
11/15/2019,8476.3,653710
11/16/2019,8497.3,471160
11/17/2019,8509.8,531220
11/18/2019,8208.4,692600
11/19/2019,8145.7,654270
11/20/2019,8099.3,607270
11/21/2019,7627.9,891500
11/22/2019,7272.5,1410000
11/23/2019,7324.1,783180
11/24/2019,6924.7,904500
11/25/2019,7115.6,1290000
11/26/2019,7162.8,844270
11/27/2019,7510.6,996490
11/28/2019,7426.7,737580
11/29/2019,7742.7,766710
11/30/2019,7546.6,650600
12/01/2019,7396.4,777000
12/02/2019,7298.2,687780
12/03/2019,7291.8,548770
12/04/2019,7204.4,971750
12/05/2019,7399.2,780780
12/06/2019,7530.8,706100
12/07/2019,7510.9,557140
12/08/2019,7524.4,499040
12/09/2019,7355.8,648660
12/10/2019,7235.7,609500
12/11/2019,7208,518400
12/12/2019,7208,611800
12/13/2019,7255.2,503490
12/14/2019,7080.8,524560
12/15/2019,7128.5,492580
12/16/2019,6903.5,689560
12/17/2019,6613.3,894550
12/18/2019,7276,1140000
12/19/2019,7165.5,778720
12/20/2019,7196.4,627040
12/21/2019,7156.2,468740
12/22/2019,7495.8,677940
12/23/2019,7322.8,952160
12/24/2019,7268.3,785540
12/25/2019,7224.8,625410
12/26/2019,7210.9,795090
12/27/2019,7261.7,718070
12/28/2019,7321.5,610960
12/29/2019,7397.5,611690
12/30/2019,7261.8,606110
12/31/2019,7196.4,586600
